model_short,n,mean,ci_low,ci_high
Llama-3.1-8B-Instruct,739,0.6793774612775217,0.6133359043510086,0.7390932222418469
Llama-3.2-3B-Instruct,493,0.7369947849462366,0.6801075268817204,0.7879032258064517
Qwen2.5-7B-Instruct,101,0.7501455970695969,0.607051282051282,0.8524725274725274
Qwen3-8B,112,0.6421970625,0.5119791666666667,0.7578125
