model,n,n_pos,chance_level,AD,2-smoothed AD,recall_at_90,recall_at_95,recall_at_99
Llama-3.1-8B-Instruct,2652,500,0.4838709677419355,0.8767652943992484,0.892765395749805,0.6331581726189541,0.4797049174500123,0.34578197764472046
Llama-3.2-3B-Instruct,1946,396,0.48148148148148145,0.9154742094210057,0.9222746636682733,0.719922790312035,0.625121498068279,0.37353636382089034
Qwen2.5-7B-Instruct,1504,194,0.48148148148148145,0.7752457673512219,0.8053324883691244,0.3679388689114097,0.20261188087275084,0.02289377289377294
Qwen3-8B,1544,212,0.46153846153846156,0.8776453778648623,0.85656958775379,0.4324116944604071,0.3176396735345496,0.2681792453814174
