model_short,attack_attr_delta,attack_attr_delta,attack_attr_delta,attack_attr_delta_gt_0
,count,mean,std,mean
Llama-3.1-8B-Instruct,453.0,0.5415622511268843,0.9515052837978106,0.7152317880794702
Llama-3.2-3B-Instruct,327.0,0.7447472936867985,1.2009606977985825,0.7492354740061162
Qwen2.5-7B-Instruct,91.0,0.6027036670313196,0.9226757800858859,0.7912087912087912
Qwen3-8B,101.0,0.4518275066856348,0.7841085945372316,0.7326732673267327
