model,n,false_pos_rate_90,false_pos_rate_95,false_pos_rate_99
Llama-3.1-8B-Instruct,53,0.32075471698113206,0.20754716981132076,0.1509433962264151
Llama-3.2-3B-Instruct,51,0.1568627450980392,0.058823529411764705,0.0
Qwen2.5-7B-Instruct,65,0.0,0.0,0.0
Qwen3-8B,28,0.14285714285714285,0.07142857142857142,0.07142857142857142
